ID_games;NA_Sales;EU_Sales;JP_Sales;Other_Sales;Global_Sales;ID_publisher
8418;41.49;29.02;3.77;8.46;82.74;1
8419;29.08;3.58;6.81;0.77;40.24;2
8420;15.85;12.88;3.79;3.31;35.82;3
8421;15.75;11.01;3.28;2.96;33;4
8422;11.27;8.89;10.22;1;31.37;5
8423;23.2;2.26;4.22;0.58;30.26;6
8424;11.38;9.23;6.5;2.9;30.01;7
8425;14.03;9.2;2.93;2.85;29.02;8
8426;14.59;7.06;4.7;2.26;28.62;9
8427;26.93;0.63;0.28;0.47;28.31;10
8428;9.07;11;1.93;2.75;24.76;11
8429;9.81;7.57;4.13;1.92;23.42;12
8430;9;6.18;7.2;0.71;23.1;13
8431;8.94;8.03;3.6;2.15;22.72;14
8432;9.09;8.59;2.53;1.79;22;15
8433;14.97;4.94;0.24;1.67;21.82;16
8434;7.01;9.27;0.97;4.14;21.4;17
8435;9.43;0.4;0.41;10.57;20.81;18
8436;12.78;3.75;3.54;0.55;20.61;19
8437;4.75;9.26;4.16;2.05;20.22;20
8438;6.42;4.52;6.04;1.37;18.36;21
8439;10.83;2.71;4.18;0.42;18.14;22
8440;9.54;3.44;3.84;0.46;17.28;23
8441;9.63;5.31;0.06;1.38;16.38;24
8442;8.41;5.49;0.47;1.78;16.15;25
8443;6.06;3.9;5.38;0.5;15.85;26
8444;5.57;3.28;5.65;0.82;15.32;27
8445;3.44;5.36;5.32;1.18;15.3;28
8446;6.85;5.09;1.87;1.16;14.98;29
8447;9.03;4.28;0.13;1.32;14.76;30
8448;5.89;5.04;3.12;0.59;14.64;31
8449;9.67;3.73;0.11;1.13;14.64;32
8450;5.17;4.05;4.34;0.79;14.35;33
8451;5.77;5.81;0.35;2.31;14.24;34
8452;4.99;5.88;0.65;2.52;14.03;35
8453;8.25;4.3;0.07;1.12;13.73;36
8454;8.52;3.63;0.08;1.29;13.51;37
8455;5.54;5.82;0.49;1.62;13.46;38
8456;6.99;4.51;0.3;1.3;13.1;39
8457;6.75;2.61;2.66;1.02;13.04;40
8458;5.98;4.44;0.48;1.83;12.73;41
8459;2.55;3.52;5.33;0.88;12.27;42
8460;4.74;3.91;2.67;0.89;12.21;43
8461;7.97;2.83;0.13;1.21;12.14;44
8462;3.8;5.81;0.36;2.02;11.98;45
8463;4.4;2.77;3.96;0.77;11.9;46
8464;6.91;2.85;1.91;0.23;11.89;47
8465;3.01;0.01;1.1;7.53;11.66;48
8466;6.16;3.4;1.2;0.76;11.52;49
8467;4.23;3.37;3.08;0.65;11.33;50
8468;6.16;2.04;2.69;0.29;11.18;51
8469;6.76;3.1;0.14;1.03;11.02;52
8470;4.02;3.87;2.54;0.52;10.95;53
8471;4.89;2.99;2.13;0.78;10.79;54
8472;2.96;4.88;0.81;2.12;10.77;55
8473;4.99;3.69;0.38;1.63;10.69;56
8474;4.76;3.76;0.44;1.62;10.57;57
8475;5.99;2.15;2.12;0.29;10.55;58
8476;4.34;2.65;3.15;0.35;10.49;59
8477;5.08;3.11;1.25;0.98;10.42;60
8478;6.05;3.15;0;1.07;10.26;61
8479;6.72;2.63;0.04;0.82;10.21;62
8480;7.03;1.98;0.08;0.78;9.88;63
8481;5.55;1.94;2.23;0.15;9.87;64
8482;3.66;3.07;2.47;0.63;9.82;65
8483;6.63;2.36;0.04;0.73;9.76;66
8484;3.01;2.47;3.28;0.96;9.72;67
8485;4.09;3.73;0.38;1.38;9.59;68
8486;5.84;2.89;0.01;0.78;9.52;69
8487;3.88;3.42;1.69;0.5;9.49;70
8488;5.91;2.38;0.13;0.9;9.32;71
8489;4.36;1.71;3;0.23;9.3;72
8490;5.58;2.83;0.02;0.77;9.2;73
8491;2.01;2.32;4.36;0.41;9.09;74
8492;4.46;1.88;1.98;0.7;9.02;75
8493;5.03;2.86;0.1;0.85;8.84;76
8494;3.54;1.24;3.81;0.18;8.76;77
8495;1.11;6.06;0.06;1.26;8.49;78
8496;1.79;3.53;2.49;0.68;8.49;79
8497;6.82;1.53;0.05;0.08;8.49;80
8498;3.81;2.3;1.58;0.73;8.42;81
8499;2.91;1.86;3.14;0.43;8.33;82
8500;1.06;5.05;0.13;2.01;8.24;83
8501;0.98;6.42;0;0.71;8.11;84
8502;5.8;2.01;0.13;0.15;8.09;85
8503;2.58;3.9;0.66;0.91;8.06;86
8504;2.91;2.07;2.73;0.33;8.05;87
8505;2.28;1.72;3.63;0.23;7.86;88
8506;2.82;1.78;2.69;0.55;7.84;89
8507;7.28;0.45;0;0.08;7.81;90
8508;2.9;2.83;0.24;1.75;7.72;91
8509;3.66;2.42;0.98;0.64;7.69;92
8510;2.93;3.29;0.22;1.23;7.67;93
8511;2.8;3.3;0.14;1.37;7.6;94
8512;4.1;1.89;1.45;0.16;7.6;95
8513;3.78;2.17;1.31;0.31;7.58;96
8514;5.39;1.18;0.7;0.19;7.46;97
8515;3.24;1.35;2.42;0.43;7.45;98
8516;4.79;1.9;0;0.69;7.37;99
8517;4.46;2.13;0.06;0.69;7.34;100
8518;3.83;2.19;0.6;0.7;7.31;101
8519;4.52;2.09;0.01;0.67;7.3;102
8520;3.51;3.03;0;0.73;7.27;103
8521;2.85;2.93;0.35;1.1;7.23;104
8522;3.27;2.83;0.08;1.02;7.2;105
8523;3.27;2.22;1.4;0.29;7.16;106
8524;3.68;1.75;1.42;0.28;7.13;107
8525;4.41;1.04;1.39;0.22;7.07;108
8526;3.13;2.07;1.27;0.49;6.96;109
8527;2.47;3.15;0.24;1.1;6.96;110
8528;4.12;1.77;0.87;0.19;6.95;111
8529;4.14;2.21;0;0.56;6.91;112
8530;0.78;4.32;0.07;1.73;6.9;113
8531;2.71;3.02;0.08;1.09;6.9;114
8532;2.93;2.75;0.17;0.99;6.83;115
8533;2.77;2.8;0.19;1.06;6.83;116
8534;3.23;2.35;0.94;0.3;6.82;117
8535;3.5;2.64;0;0.67;6.81;118
8536;4.15;1.92;0.06;0.64;6.76;119
8537;3.27;2.25;0.21;1;6.73;120
8538;3.1;2.3;0.28;1.04;6.72;121
8539;0.84;4.32;0.11;1.42;6.69;122
8540;1.67;2.78;1.6;0.62;6.67;123
8541;2.79;2.61;0.17;1.03;6.6;124
8542;0.79;4.29;0.05;1.47;6.59;125
8543;3.25;1.84;1.03;0.47;6.59;126
8544;2.55;2.71;0.25;1.05;6.56;127
8545;3.74;0.93;1.69;0.14;6.51;128
8546;2.64;2.56;0.16;1.14;6.5;129
8547;4.98;1.3;0.08;0.07;6.43;130
8548;2.57;1.58;2.06;0.21;6.41;131
8549;3.64;1.2;1.49;0.07;6.4;132
8550;2.55;1.56;1.29;0.99;6.39;133
8551;4.34;1.35;0.06;0.61;6.36;134
8552;3.7;1.97;0.09;0.57;6.34;135
8553;4.01;1.26;0.87;0.17;6.31;136
8554;2.47;0.83;2.87;0.12;6.3;137
8555;0.07;6.21;0;0;6.28;138
8556;3.11;2.8;0.02;0.33;6.27;139
8557;3.92;1.78;0.03;0.51;6.24;140
8558;4.05;1.62;0.07;0.49;6.24;141
8559;3.54;1.9;0.07;0.6;6.11;142
8560;2.45;2.01;0.87;0.72;6.05;143
8561;4.47;1.2;0.16;0.19;6.03;144
8562;2.63;1.74;0.83;0.83;6.03;145
8563;3.18;1.83;0.78;0.24;6.03;146
8564;2.41;2.28;0.28;1.01;5.99;147
8565;1.88;0;2.33;1.74;5.95;148
8566;2.8;2.05;0.17;0.9;5.92;149
8567;0.66;0.69;4.35;0.15;5.84;150
8568;3.66;1.63;0;0.53;5.83;151
8569;1.88;1.47;2.02;0.45;5.82;152
8570;2.26;1.89;1.36;0.23;5.74;153
8571;3.13;1.94;0.07;0.58;5.72;154
8572;2.49;2.05;0.16;0.96;5.65;155
8573;2.97;0.69;1.81;0.11;5.58;156
8574;2.54;1.95;0.21;0.87;5.57;157
8575;2.95;0.6;1.97;0.04;5.55;158
8576;3.28;1.65;0.07;0.55;5.55;159
8577;2.7;1.91;0.11;0.8;5.53;160
8578;2.99;1.92;0.1;0.51;5.51;161
8579;0.47;0.57;4.13;0.34;5.5;162
8580;3.14;1.24;0.91;0.2;5.49;163
8581;2.62;1.64;0.99;0.23;5.47;164
8582;3.21;1.11;0.95;0.2;5.46;165
8583;3.18;1.24;0.94;0.09;5.45;166
8584;2.72;1.87;0;0.84;5.43;167
8585;2.07;2.29;0.24;0.82;5.42;168
8586;1.97;2.51;0;0.94;5.42;169
8587;1.74;1.24;1.87;0.52;5.36;170
8588;2.18;0.96;2;0.2;5.34;171
8589;3.02;1.12;1.01;0.16;5.31;172
8590;3.13;1.71;0.03;0.44;5.3;173
8591;1.62;0.77;2.78;0.14;5.3;174
8592;1.92;1.08;2.11;0.17;5.29;175
8593;3.33;0.79;1.09;0.06;5.27;176
8594;3.1;1.56;0.08;0.51;5.27;177
8595;1.22;2.48;1.03;0.52;5.26;178
8596;2.3;2.46;0.2;0.28;5.24;179
8597;4.26;0.26;0.01;0.71;5.23;180
8598;0.65;0.75;3.61;0.2;5.21;181
8599;2.43;2.15;0;0.62;5.2;182
8600;2.93;1.25;0.83;0.2;5.2;183
8601;2.32;1.3;1.27;0.31;5.19;184
8602;2.49;0.98;1.57;0.15;5.19;185
8603;1.08;3.48;0.03;0.58;5.18;186
8604;1.9;1.83;0.95;0.49;5.17;187
8605;2.1;0.74;2.2;0.11;5.15;188
8606;0.96;2.02;1.89;0.28;5.15;189
8607;1.64;2.48;0.44;0.58;5.14;190
8608;1.98;2.23;0.13;0.8;5.13;191
8609;2.71;0.61;1.7;0.11;5.13;192
8610;3.59;1.11;0.05;0.38;5.13;193
8611;3.21;1.53;0.01;0.38;5.13;194
8612;3.22;1.69;0;0.2;5.12;195
8613;3.81;0.63;0;0.68;5.12;196
8614;1.96;1.43;1.08;0.65;5.11;197
8615;2.66;2.01;0;0.41;5.08;198
8616;1.7;2.02;0.16;1.21;5.08;199
8617;0.6;3.29;0.06;1.13;5.08;200
8618;3.4;1.3;0.15;0.22;5.07;201
8619;2.05;1.16;1.11;0.73;5.05;202
8620;3.42;1.38;0.02;0.2;5.02;203
8621;2.59;1.06;0.8;0.57;5.02;204
8622;2.79;1.89;0;0.33;5.01;205
8623;3.36;1.36;0.07;0.21;5;206
8624;3.06;1.18;0.29;0.46;5;207
8625;3.49;0.01;0.01;1.48;4.98;208
8626;3.39;1.03;0.09;0.44;4.96;209
8627;1.85;1.2;1.54;0.37;4.96;210
8628;2.31;1.73;0.12;0.78;4.94;211
8629;3.98;0.26;0.01;0.66;4.91;212
8630;2.89;1.54;0;0.46;4.9;213
8631;2.91;0.99;0.89;0.1;4.88;214
8632;0;0;4.87;0;4.87;215
8633;2.62;0.6;1.52;0.1;4.85;216
8634;2.74;1.36;0.12;0.63;4.84;217
8635;2.56;1.68;0;0.59;4.83;218
8636;1.91;2;0.09;0.83;4.83;219
8637;0.57;3.14;0.04;1.07;4.82;220
8638;2.57;1.57;0.44;0.21;4.79;221
8639;0.28;3.75;0.06;0.69;4.77;222
8640;2.99;1.31;0.04;0.41;4.76;223
8641;2.36;2.1;0.02;0.25;4.73;224
8642;1.73;2.19;0;0.79;4.7;225
8643;3.05;1.41;0.02;0.2;4.68;226
8644;1.87;1.12;1.32;0.37;4.68;227
8645;1.94;1.95;0.08;0.7;4.67;228
8646;2.08;2.04;0.06;0.47;4.64;229
8647;2.29;1.97;0.13;0.24;4.63;230
8648;3.06;1.12;0;0.44;4.62;231
8649;2.42;0.91;1.15;0.13;4.61;232
8650;2.6;0.99;0.89;0.13;4.6;233
8651;1.89;1.99;0.22;0.48;4.58;234
8652;1.78;1.39;1.1;0.3;4.58;235
8653;1.55;1.15;1.44;0.43;4.57;236
8654;1.78;1.87;0.07;0.82;4.55;237
8655;3.19;0.92;0.01;0.42;4.53;238
8656;4.18;0.26;0.01;0.08;4.53;239
8657;4.21;0.24;0;0.05;4.5;240
8658;3.63;0.24;0.01;0.61;4.49;241
8659;2.71;1.51;0.03;0.23;4.48;242
8660;0.2;0.14;4.1;0.02;4.47;243
8661;1.96;1.69;0.08;0.74;4.47;244
8662;1.54;1.94;0.19;0.77;4.45;245
8663;2.71;1.29;0.02;0.43;4.45;246
8664;2.55;1.11;0.46;0.33;4.44;247
8665;2.67;1.35;0.01;0.39;4.42;248
8666;2.66;1.29;0.01;0.46;4.41;249
8667;0.1;2.39;1.05;0.86;4.39;250
8668;2.82;1.05;0.13;0.4;4.39;251
8669;2.19;0.5;1.61;0.08;4.38;252
8670;2.03;1.79;0.08;0.47;4.37;253
8671;1.73;1.73;0.14;0.75;4.35;254
8672;3.03;0.91;0.26;0.13;4.34;255
8673;2.2;0.58;1.38;0.17;4.33;256
8674;0.92;2.93;0.01;0.46;4.31;257
8675;2.75;1.18;0;0.37;4.31;258
8676;4;0.26;0;0.05;4.31;259
8677;2.51;1.27;0.11;0.41;4.31;260
8678;2.64;1.2;0.03;0.39;4.26;261
8679;2.11;1.11;0.72;0.3;4.25;262
8680;2.23;1.34;0.07;0.61;4.25;263
8681;1.41;2.02;0.1;0.72;4.24;264
8682;3;1.11;0.05;0.07;4.24;265
8683;1.46;0;0.83;1.93;4.23;266
8684;2.45;1.02;0;0.75;4.22;267
8685;1.7;2.27;0;0.23;4.21;268
8686;2.03;1.27;0.62;0.3;4.21;269
8687;0.78;2.55;0.04;0.84;4.21;270
8688;0.88;2.3;0.2;0.83;4.2;271
8689;1.3;2.07;0.18;0.65;4.2;272
8690;1.28;1.83;0.57;0.53;4.2;273
8691;2.25;1.47;0.04;0.43;4.19;274
8692;2.02;1.06;0.58;0.53;4.19;275
8693;0.84;2.79;0.02;0.53;4.19;276
8694;3.38;0.44;0.31;0.04;4.17;277
8695;2.04;0.48;1.57;0.07;4.16;278
8696;3.79;0.27;0;0.11;4.16;279
8697;3.36;0.21;0.01;0.56;4.14;280
8698;1.4;1.86;0.11;0.77;4.14;281
8699;4.03;0;0.09;0;4.12;282
8700;1.65;0.61;1.76;0.09;4.12;283
8701;0.71;2.48;0.03;0.89;4.11;284
8702;2.14;1.2;0.37;0.4;4.1;285
8703;1.42;0.51;2.1;0.07;4.1;286
8704;2.13;1.5;0.05;0.42;4.1;287
8705;2.45;1.26;0.01;0.37;4.09;288
8706;2.57;1.52;0;0;4.09;289
8707;2.65;1.06;0.04;0.33;4.08;290
8708;2.32;0.04;0.04;1.67;4.07;291
8709;2.35;1.28;0.03;0.41;4.06;292
8710;0.12;2.26;0.9;0.77;4.06;293
8711;2.28;1.55;0.16;0.06;4.05;294
8712;1.68;1.51;0.51;0.35;4.05;295
8713;1.12;2.12;0.1;0.69;4.03;296
8714;2.78;0.58;0.64;0.04;4.03;297
8715;1.38;1.87;0.12;0.65;4.02;298
8716;1.22;0.28;2.46;0.04;4.01;299
8717;2.15;1.2;0.07;0.59;4.01;300
8718;0.92;1.78;0.92;0.37;4;301
8719;2.67;0.89;0.05;0.37;3.99;302
8720;2.08;1.35;0;0.54;3.98;303
8721;2.1;1.36;0.06;0.4;3.92;304
8722;1.18;1.96;0.08;0.7;3.92;305
8723;1.97;0.76;1.07;0.11;3.91;306
8724;2.29;1.17;0.01;0.42;3.9;307
8725;1.33;1.71;0.13;0.73;3.89;308
8726;0.67;0.49;2.62;0.11;3.89;309
8727;1.53;1.61;0.06;0.67;3.88;310
8728;1.15;2.09;0;0.64;3.88;311
8729;0.93;1.94;0.31;0.7;3.87;312
8730;0.1;0;3.77;0;3.87;313
8731;2.12;1.14;0.1;0.51;3.87;314
8732;2.48;0.65;0.03;0.69;3.85;315
8733;0.16;1.89;1.12;0.68;3.85;316
8734;0.87;1.57;1.05;0.35;3.84;317
8735;2.12;1.44;0.22;0.06;3.84;318
8736;2.21;0.96;0.54;0.13;3.83;319
8737;2.26;0.48;0.81;0.27;3.83;320
8738;1.06;1.93;0.41;0.43;3.82;321
8739;1.44;1.37;0.73;0.27;3.81;322
8740;1.49;1.58;0.1;0.61;3.79;323
8741;1.14;1.91;0.27;0.46;3.78;324
8742;2.4;1.03;0;0.36;3.78;325
8743;1.82;1.24;0.47;0.25;3.77;326
8744;1.4;1.4;0.1;0.87;3.77;327
8745;1.98;1.47;0;0.32;3.76;328
8746;2.03;1.56;0;0.17;3.76;329
8747;1.98;0.88;0.59;0.32;3.76;330
8748;1.37;2;0.14;0.22;3.73;331
8749;0.96;2;0.21;0.56;3.73;332
8750;1.3;0.77;1.54;0.11;3.72;333
8751;1.93;1.58;0;0.19;3.71;334
8752;0.58;2.48;0.04;0.59;3.7;335
8753;1.49;0.73;1.38;0.1;3.7;336
8754;1.3;1.51;0.27;0.61;3.69;337
8755;1.59;1.61;0.08;0.41;3.69;338
8756;0;0;3.67;0;3.67;339
8757;2.13;1.18;0.01;0.35;3.67;340
8758;1.65;1.22;0;0.79;3.66;341
8759;1.87;1.13;0.55;0.1;3.65;342
8760;2.53;0.81;0.06;0.24;3.65;343
8761;2.33;0.97;0;0.35;3.65;344
8762;0.71;1.8;0.4;0.74;3.64;345
8763;2.08;1.09;0.15;0.33;3.64;346
8764;2.23;0.68;0.66;0.06;3.63;347
8765;0.6;2.46;0.05;0.52;3.63;348
8766;0.05;0;0.64;2.93;3.63;349
8767;1.78;1.42;0.05;0.38;3.63;350
8768;2.08;0.83;0.46;0.25;3.62;351
8769;1.28;1.61;0.15;0.57;3.61;352
8770;1.93;1.22;0.03;0.44;3.61;353
8771;2.05;1.4;0;0.16;3.61;354
8772;2.02;1.17;0;0.42;3.61;355
8773;1.61;1.5;0.1;0.39;3.61;356
8774;2.38;0.67;0.46;0.1;3.6;357
8775;2.18;1.02;0.03;0.37;3.59;358
8776;2.01;1.35;0.06;0.16;3.58;359
8777;1.57;1.79;0;0.2;3.56;360
8778;1.56;1.4;0.07;0.5;3.54;361
8779;1.23;1.77;0.05;0.49;3.54;362
8780;1.66;1.58;0.12;0.18;3.54;363
8781;1.9;1.13;0.1;0.41;3.53;364
8782;1.98;1.14;0.01;0.41;3.53;365
8783;2.14;1.08;0.02;0.29;3.53;366
8784;0.71;2.4;0.02;0.4;3.53;367
8785;1.96;1.33;0;0.23;3.52;368
8786;2.14;1.21;0.01;0.17;3.52;369
8787;2.66;0.5;0.05;0.3;3.52;370
8788;1.22;1.66;0.27;0.38;3.52;371
8789;2.11;0.94;0.12;0.34;3.51;372
8790;1.17;0.5;1.75;0.08;3.51;373
8791;2.84;0.39;0.03;0.24;3.5;374
8792;1.64;0.38;1.42;0.06;3.5;375
8793;2.2;0.97;0.02;0.31;3.5;376
8794;0.59;1.83;0.73;0.35;3.5;377
8795;0.59;2.36;0.04;0.51;3.49;378
8796;1.94;1.22;0.02;0.31;3.49;379
8797;2.09;1.02;0.04;0.32;3.48;380
8798;2.11;1.01;0.01;0.35;3.48;381
8799;2.26;0.89;0;0.3;3.46;382
8800;0.88;1.75;0.1;0.72;3.45;383
8801;0;0;3.44;0;3.44;384
8802;2.39;0.73;0.03;0.29;3.44;385
8803;1.55;1.27;0.33;0.29;3.44;386
8804;1.34;1.54;0.17;0.38;3.43;387
8805;1.82;1.07;0.06;0.47;3.42;388
8806;1.13;2.07;0;0.22;3.42;389
8807;0.86;0;2.55;0.02;3.42;390
8808;1.75;1.2;0.02;0.43;3.41;391
8809;1.73;0.69;0.59;0.4;3.41;392
8810;0.46;2.28;0.05;0.61;3.4;393
8811;1.56;1.47;0.19;0.17;3.39;394
8812;2.03;1.03;0;0.32;3.38;395
8813;1.08;1.35;0.48;0.47;3.38;396
8814;1.43;0.94;0.74;0.27;3.38;397
8815;2.47;0.76;0;0.13;3.36;398
8816;1.9;0.67;0.73;0.06;3.36;399
8817;0.65;1.61;0.82;0.28;3.36;400
8818;1.63;1.53;0;0.18;3.34;401
8819;1.9;1.14;0.01;0.29;3.34;402
8820;0;0.99;2.32;0.02;3.33;403
8821;1.45;1.29;0.12;0.46;3.33;404
8822;1.44;1.01;0.57;0.3;3.33;405
8823;1.15;1.17;0.76;0.24;3.32;406
8824;1.47;1.39;0.03;0.43;3.32;407
8825;1.99;1.05;0.05;0.22;3.31;408
8826;1.5;1.28;0.05;0.46;3.28;409
8827;0.8;1.92;0.06;0.5;3.28;410
8828;2.13;0.92;0;0.23;3.28;411
8829;1.89;1.05;0.02;0.31;3.27;412
8830;1.36;1.13;0.46;0.32;3.27;413
8831;0.5;1.59;0.31;0.87;3.27;414
8832;0.25;0.19;2.78;0.04;3.26;415
8833;0.95;1.3;0.77;0.22;3.24;416
8834;0.88;2.11;0;0.23;3.23;417
8835;1.27;1.33;0.12;0.51;3.23;418
8836;2.33;0.3;0;0.59;3.22;419
8837;0.03;0;3.18;0;3.22;420
8838;1.72;1.33;0;0.16;3.21;421
8839;0.73;0.1;2.35;0.02;3.2;422
8840;2.26;0.72;0.12;0.1;3.2;423
8841;1.76;1.21;0.07;0.16;3.2;424
8842;1.35;0.6;0.8;0.44;3.19;425
8843;1.48;1.01;0.04;0.66;3.19;426
8844;0;0;3.19;0;3.19;427
8845;2.15;0.77;0.01;0.26;3.19;428
8846;1.78;1.12;0.09;0.19;3.18;429
8847;1.18;0.87;0.93;0.2;3.18;430
8848;1.52;1.08;0.1;0.47;3.17;431
8849;1.86;1.02;0;0.29;3.17;432
8850;0.58;0.51;1.93;0.14;3.17;433
8851;2.06;0.56;0.38;0.17;3.17;434
8852;1.88;0.98;0;0.3;3.16;435
8853;1.92;0.16;0.99;0.09;3.15;436
8854;1.79;1.06;0;0.29;3.15;437
8855;1.22;1.57;0.06;0.29;3.15;438
8856;0.88;0.97;0.88;0.42;3.15;439
8857;1.89;0.99;0.03;0.24;3.15;440
8858;0.68;0;0;2.46;3.14;441
8859;1.7;1.25;0.02;0.16;3.13;442
8860;2.14;0.86;0;0.13;3.12;443
8861;2.31;0.62;0.14;0.04;3.12;444
8862;0.91;1;1.03;0.17;3.12;445
8863;1.69;0.87;0.14;0.42;3.12;446
8864;0.08;0;3.03;0.01;3.12;447
8865;1.29;1.27;0.06;0.5;3.12;448
8866;1.99;0.82;0.03;0.27;3.11;449
8867;0.78;2.02;0;0.3;3.11;450
8868;2.17;0.28;0.55;0.08;3.09;451
8869;2.5;0.16;0.01;0.42;3.08;452
8870;1.92;0.45;0.64;0.07;3.08;453
8871;1.89;0.91;0.04;0.24;3.07;454
8872;1.4;0.99;0.46;0.22;3.07;455
8873;1.57;0.62;0.55;0.34;3.07;456
8874;1.72;1.21;0;0.14;3.07;457
8875;1.94;0.86;0.03;0.24;3.07;458
8876;1.91;0.84;0;0.29;3.05;459
8877;1.38;1.35;0.02;0.28;3.04;460
8878;2.06;0.64;0.12;0.22;3.04;461
8879;1.94;0.8;0.02;0.27;3.03;462
8880;1.54;1.33;0;0.16;3.03;463
8881;1.4;1.07;0.08;0.47;3.02;464
8882;1.85;1.04;0;0.13;3.02;465
8883;2.03;0.47;0.45;0.07;3.02;466
8884;1.45;1.13;0.07;0.38;3.02;467
8885;2.38;0.32;0;0.31;3;468
8886;2.6;0.21;0.01;0.19;3;469
8887;1.15;0;0.76;1.09;3;470
8888;1.57;1.02;0;0.41;3;471
8889;1.01;1.41;0.05;0.53;2.99;472
8890;1.61;0.51;0.8;0.07;2.99;473
8891;1.67;1.18;0;0.13;2.99;474
8892;0.12;1.26;1.16;0.45;2.99;475
8893;1.36;0.86;0.64;0.13;2.99;476
8894;0.47;1;1.39;0.12;2.98;477
8895;1.33;1.12;0.08;0.45;2.97;478
8896;0.96;1.72;0;0.29;2.97;479
8897;1.58;1.01;0;0.38;2.97;480
8898;1.04;1.37;0.06;0.49;2.96;481
8899;1.57;0.04;1.19;0.15;2.96;482
8900;1.36;1.15;0.04;0.41;2.96;483
8901;1.82;0.71;0.15;0.26;2.95;484
8902;1.98;0.58;0.34;0.04;2.94;485
8903;2.22;0.51;0.06;0.15;2.94;486
8904;1.45;1.11;0.04;0.33;2.94;487
8905;1.76;0.69;0.12;0.37;2.94;488
8906;2.07;0.77;0.05;0.05;2.94;489
8907;1.83;0.8;0.03;0.27;2.93;490
8908;0.87;1.06;0.73;0.26;2.92;491
8909;1.43;1.13;0.05;0.3;2.91;492
8910;1.75;0.45;0.62;0.09;2.91;493
8911;0.61;1.85;0.11;0.33;2.9;494
8912;1.84;0.8;0.04;0.22;2.9;495
8913;1.54;1.14;0;0.22;2.9;496
8914;1.75;0.86;0;0.28;2.9;497
8915;0.08;1.24;1.13;0.45;2.9;498
8916;0.71;1.51;0.06;0.61;2.89;499
8917;0.99;0.32;1.38;0.2;2.89;500
8918;1.51;1.12;0.01;0.24;2.89;501
8919;1.54;1.07;0;0.28;2.88;502
8920;2.03;0.72;0.02;0.11;2.88;503
8921;1.3;1.27;0;0.31;2.88;504
8922;0.09;2.43;0.12;0.22;2.87;505
8923;1.87;0.77;0;0.22;2.86;506
8924;2.53;0.16;0;0.17;2.86;507
8925;2.09;0.63;0.03;0.11;2.86;508
8926;1.98;0.55;0;0.32;2.85;509
8927;1.37;0.51;0.89;0.07;2.85;510
8928;1.29;0.53;0.98;0.05;2.85;511
8929;1.37;1.34;0;0.14;2.85;512
8930;1.4;1.14;0;0.31;2.85;513
8931;0.4;1.98;0.05;0.42;2.85;514
8932;1.87;0.57;0.11;0.3;2.84;515
8933;1.65;0.86;0.05;0.28;2.83;516
8934;2.52;0.09;0;0.22;2.83;517
8935;1.28;1.05;0.07;0.43;2.83;518
8936;1.32;1.08;0.04;0.39;2.83;519
8937;1.96;0.67;0.1;0.09;2.82;520
8938;1.59;1.05;0.04;0.14;2.82;521
8939;0.02;2.79;0;0;2.81;522
8940;1.05;1.25;0.03;0.48;2.81;523
8941;1.32;1.19;0;0.3;2.81;524
8942;1.32;1.06;0.04;0.38;2.8;525
8943;1.74;0.8;0;0.26;2.8;526
8944;1.47;0.07;1.1;0.15;2.8;527
8945;0.29;0.2;2.13;0.18;2.79;528
8946;1.45;0.88;0.09;0.38;2.79;529
8947;1.96;0.72;0;0.11;2.79;530
8948;1.19;1.15;0.04;0.41;2.79;531
8949;0;0;2.78;0.01;2.79;532
8950;1.98;0.7;0;0.11;2.79;533
8951;0.89;1.43;0;0.48;2.79;534
8952;2.19;0.22;0;0.38;2.79;535
8953;0.3;1.47;0.68;0.34;2.79;536
8954;0.46;0.29;1.96;0.07;2.79;537
8955;1.68;0.74;0;0.36;2.78;538
8956;1.27;0.97;0.07;0.47;2.78;539
8957;1.44;0.83;0.26;0.25;2.78;540
8958;1.2;0.98;0.17;0.43;2.78;541
8959;1.41;1.12;0;0.24;2.77;542
8960;1.24;1.2;0.04;0.3;2.77;543
8961;1.25;1.15;0.07;0.3;2.77;544
8962;2.56;0.17;0;0.03;2.76;545
8963;1.43;0.54;0.71;0.07;2.75;546
8964;1.07;1.31;0.06;0.31;2.74;547
8965;1.02;0.36;1.13;0.23;2.73;548
8966;1.33;0.31;1.04;0.05;2.73;549
8967;1.52;0.94;0.02;0.24;2.72;550
8968;1.49;0.93;0.02;0.27;2.71;551
8969;1.75;0.52;0.33;0.1;2.7;552
8970;0.99;0.48;1.09;0.14;2.7;553
8971;1.47;0.76;0;0.47;2.7;554
8972;1.25;0.53;0.87;0.05;2.7;555
8973;2.42;0.11;0;0.16;2.69;556
8974;1.85;0.64;0.01;0.19;2.69;557
8975;2.38;0.12;0;0.18;2.69;558
8976;1.63;0.52;0.35;0.18;2.69;559
8977;1.46;0.98;0;0.24;2.68;560
8978;1.23;1.11;0;0.34;2.68;561
8979;0;0;2.68;0;2.68;562
8980;0.69;1.41;0.04;0.53;2.68;563
8981;0.78;0.75;0.89;0.26;2.68;564
8982;1.95;0.63;0;0.09;2.67;565
8983;1.48;0.92;0.01;0.26;2.67;566
8984;1.78;0.64;0;0.25;2.67;567
8985;1.44;1.09;0;0.14;2.67;568
8986;1.99;0.58;0;0.09;2.66;569
8987;1.59;0.8;0;0.26;2.65;570
8988;1.15;1.11;0;0.4;2.65;571
8989;1.56;0.88;0;0.22;2.65;572
8990;0.86;1.11;0.01;0.66;2.65;573
8991;0;0;2.65;0;2.65;574
8992;2;0.5;0.12;0.03;2.65;575
8993;1.53;0.87;0;0.24;2.64;576
8994;2;0.47;0.02;0.14;2.63;577
8995;0.76;1.1;0.12;0.65;2.63;578
8996;1.53;0.82;0.04;0.24;2.63;579
8997;1.7;0.46;0.06;0.41;2.63;580
8998;2.15;0.12;0;0.36;2.62;581
8999;1.07;1.06;0.24;0.25;2.62;582
9000;1.55;0.81;0.04;0.21;2.62;583
9001;0.59;1.79;0.01;0.23;2.62;584
9002;2.31;0.14;0.01;0.16;2.62;585
9003;0.63;0.84;0.96;0.19;2.61;586
9004;0.9;1.22;0.04;0.44;2.61;587
9005;1.02;0.52;0.92;0.14;2.6;588
9006;1.86;0.55;0.11;0.08;2.6;589
9007;0.48;1.63;0.04;0.43;2.59;590
9008;0.93;1.12;0.08;0.45;2.59;591
9009;2.03;0.21;0;0.35;2.59;592
9010;0.64;1.24;0.01;0.69;2.58;593
9011;0.89;1.33;0.07;0.28;2.58;594
9012;1.04;1.24;0.03;0.27;2.58;595
9013;0.37;0.27;1.75;0.18;2.58;596
9014;1.4;0.88;0.03;0.26;2.58;597
9015;1.31;0.74;0.31;0.22;2.57;598
9016;0.28;1.68;0.33;0.28;2.57;599
9017;1.76;0.56;0.03;0.22;2.57;600
9018;2.14;0.08;0;0.35;2.57;601
9019;1.7;0.59;0.21;0.07;2.56;602
9020;0.15;0;2.41;0;2.56;603
9021;2.11;0.23;0;0.22;2.56;604
9022;1.21;0.57;0.7;0.07;2.54;605
9023;1.13;0.87;0.29;0.25;2.54;606
9024;2.21;0.12;0;0.2;2.54;607
9025;2.36;0.14;0;0.03;2.53;608
9026;1.13;1.12;0.06;0.22;2.52;609
9027;1.55;0.75;0.16;0.06;2.52;610
9028;1.5;0.78;0;0.24;2.52;611
9029;0.49;0;0.52;1.51;2.52;612
9030;0.6;1.31;0.08;0.52;2.51;613
9031;2.29;0.02;0;0.19;2.5;614
9032;0.13;0.07;0.26;2.05;2.5;615
9033;1.28;0.14;1.08;0.01;2.5;616
9034;0.86;1.06;0.18;0.39;2.49;617
9035;1.84;0.56;0;0.09;2.49;618
9036;1.29;0.97;0;0.23;2.49;619
9037;1.81;0.52;0;0.15;2.49;620
9038;1.15;0.85;0.1;0.39;2.48;621
9039;1.38;0.85;0;0.25;2.48;622
9040;1.15;1.14;0.06;0.13;2.48;623
9041;1.72;0.44;0.05;0.27;2.48;624
9042;1.93;0.34;0;0.21;2.48;625
9043;2.1;0.2;0;0.17;2.47;626
9044;1.13;0.36;0.92;0.07;2.47;627
9045;1.67;0.58;0;0.2;2.46;628
9046;1.55;0.54;0.05;0.31;2.45;629
9047;0;0;2.43;0.02;2.45;630
9048;0.93;0.12;1.34;0.06;2.45;631
9049;2.12;0.25;0;0.07;2.44;632
9050;1.44;0.73;0.04;0.22;2.44;633
9051;0.87;0.98;0;0.59;2.44;634
9052;1.07;1.19;0;0.18;2.43;635
9053;1.52;0.82;0;0.1;2.43;636
9054;1.56;0.61;0.02;0.23;2.42;637
9055;1.26;0.61;0.46;0.08;2.42;638
9056;1.27;0.32;0.78;0.05;2.42;639
9057;0.29;1.18;0.54;0.41;2.42;640
9058;1.63;0.22;0.51;0.06;2.41;641
9059;2.07;0.26;0;0.08;2.41;642
9060;0.81;0.76;0.7;0.14;2.41;643
9061;1.43;0.76;0;0.22;2.41;644
9062;0.69;0;0.04;1.68;2.41;645
9063;2.07;0.08;0;0.26;2.4;646
9064;2.1;0.24;0;0.07;2.4;647
9065;0.77;0.18;1.42;0.03;2.4;648
9066;2.3;0.1;0;0;2.4;649
9067;2.15;0.18;0;0.07;2.39;650
9068;0.49;1.49;0.05;0.36;2.39;651
9069;1.74;0.48;0;0.18;2.39;652
9070;1.54;0.63;0;0.22;2.39;653
9071;1.49;0.81;0;0.1;2.39;654
9072;1.07;0.87;0.04;0.4;2.39;655
9073;1.48;0.71;0;0.2;2.39;656
9074;1.67;0.61;0.03;0.07;2.38;657
9075;1.02;0.97;0;0.39;2.38;658
9076;1.73;0.46;0.02;0.18;2.38;659
9077;1.94;0.39;0.03;0.02;2.38;660
9078;1;0.76;0.26;0.36;2.38;661
9079;1.46;0.54;0.01;0.37;2.38;662
9080;2.04;0.15;0;0.19;2.38;663
9081;1.16;0.91;0;0.3;2.38;664
9082;2.18;0.01;0;0.18;2.37;665
9083;2.28;0.02;0.08;0;2.37;666
9084;0.96;1.08;0.04;0.3;2.37;667
9085;1.25;0.86;0.01;0.26;2.37;668
9086;2.03;0.13;0;0.21;2.37;669
9087;1.38;0.74;0.02;0.22;2.36;670
9088;0.69;0.14;1.48;0.05;2.36;671
9089;1.07;1.05;0;0.23;2.35;672
9090;1.39;0.48;0.4;0.08;2.35;673
9091;0;0;2.34;0.01;2.35;674
9092;1.68;0.46;0.01;0.2;2.35;675
9093;1.32;0.83;0;0.2;2.34;676
9094;0.92;0;0.01;1.41;2.34;677
9095;1.2;0.9;0;0.24;2.34;678
9096;1.08;0.7;0.34;0.21;2.34;679
9097;1.27;0.86;0;0.2;2.33;680
9098;1.14;0.54;0.47;0.17;2.32;681
9099;1.93;0.14;0;0.24;2.32;682
9100;1.57;0.56;0;0.19;2.32;683
9101;0.78;0.4;1.06;0.07;2.32;684
9102;0.79;1.35;0.04;0.14;2.32;685
9103;0.85;1.06;0.09;0.32;2.31;686
9104;0.52;0.45;1.21;0.13;2.31;687
9105;1.58;0.64;0;0.09;2.31;688
9106;0.28;0;2.02;0.01;2.31;689
9107;1.65;0.46;0.1;0.1;2.31;690
9108;1.24;0.85;0;0.21;2.3;691
9109;0.95;1.06;0;0.29;2.3;692
9110;0.95;0.54;0.62;0.18;2.3;693
9111;1.08;0.75;0.15;0.31;2.29;694
9112;0.91;1.25;0;0.13;2.29;695
9113;1.23;0.68;0.04;0.34;2.29;696
9114;1.38;0.8;0;0.1;2.28;697
9115;0.3;1.27;0.46;0.26;2.28;698
9116;1.11;0.98;0;0.2;2.28;699
9117;0;0;2.28;0;2.28;700
9118;0.51;0.12;1.63;0.02;2.28;701
9119;0.38;0.07;0.01;1.82;2.28;702
9120;1.01;0.9;0;0.37;2.28;703
9121;1.05;0.77;0.1;0.36;2.28;704
9122;0.07;2;0.02;0.18;2.28;705
9123;1.12;0.39;0.64;0.12;2.27;706
9124;1.34;0.62;0;0.31;2.27;707
9125;1.07;0.92;0.04;0.24;2.27;708
9126;1.22;0.1;0.91;0.04;2.27;709
9127;0.9;0.73;0.54;0.09;2.26;710
9128;1.4;0.54;0.02;0.3;2.26;711
9129;1.19;0.84;0;0.23;2.26;712
9130;1.34;0.57;0.14;0.21;2.26;713
9131;0.28;0.79;0.87;0.32;2.25;714
9132;0.62;0.44;1.06;0.13;2.25;715
9133;1.52;0.46;0.2;0.08;2.25;716
9134;1.48;0.25;0.46;0.06;2.25;717
9135;1.93;0.15;0;0.17;2.25;718
9136;0.67;0.41;1.05;0.11;2.25;719
9137;0.51;0.51;0.91;0.32;2.25;720
9138;1.19;0.71;0.22;0.13;2.24;721
9139;1.29;0.83;0;0.11;2.23;722
9140;1.74;0.25;0.21;0.03;2.23;723
9141;1.42;0.61;0;0.21;2.23;724
9142;1.09;0.85;0;0.28;2.23;725
9143;1.27;0.62;0.18;0.16;2.22;726
9144;0.88;1.03;0;0.31;2.22;727
9145;1.71;0.32;0.02;0.18;2.22;728
9146;1;0.63;0.45;0.13;2.22;729
9147;1.03;0.98;0;0.21;2.22;730
9148;1.45;0.55;0.02;0.19;2.21;731
9149;1.47;0.55;0;0.19;2.21;732
9150;1.06;0.82;0.05;0.28;2.21;733
9151;1.78;0.24;0;0.18;2.2;734
9152;2.06;0.12;0;0.02;2.2;735
9153;2.01;0.02;0;0.17;2.2;736
9154;1.11;0.51;0.34;0.23;2.2;737
9155;0.15;0;2.05;0;2.2;738
9156;1.28;0.68;0.02;0.21;2.2;739
9157;1.06;0.91;0;0.23;2.2;740
9158;0.34;0.97;0.55;0.33;2.19;741
9159;1.17;0.78;0.02;0.22;2.19;742
9160;1.68;0.44;0;0.08;2.19;743
9161;0.87;0.17;1.1;0.05;2.19;744
9162;1.04;0.72;0.3;0.13;2.19;745
9163;0.59;1.07;0.07;0.45;2.19;746
9164;0;0;2.17;0.01;2.18;747
9165;1.92;0.2;0;0.06;2.18;748
9166;1.21;0.78;0.01;0.17;2.18;749
9167;1.97;0.07;0;0.13;2.18;750
9168;1.29;0.04;0.73;0.12;2.18;751
9169;1.48;0.17;0.47;0.06;2.17;752
9170;1.27;0.68;0.01;0.2;2.17;753
9171;1.6;0.46;0.08;0.03;2.17;754
9172;0.48;0.11;1.56;0.02;2.17;755
9173;1.23;0.83;0;0.1;2.16;756
9174;1.51;0.47;0;0.18;2.16;757
9175;1.5;0.55;0.02;0.08;2.15;758
9176;0.54;1.16;0.13;0.32;2.15;759
9177;0.14;0.03;1.98;0;2.15;760
9178;0.6;1.41;0;0.14;2.15;761
9179;0.52;1.03;0;0.59;2.14;762
9180;0.66;0;1.45;0.03;2.14;763
9181;0.01;0;2.13;0;2.14;764
9182;1.47;0.38;0.19;0.1;2.14;765
9183;1.2;0.84;0;0.1;2.14;766
9184;1.99;0.12;0;0.02;2.13;767
9185;1.04;0.81;0;0.27;2.13;768
9186;0.64;0.07;1.35;0.08;2.13;769
9187;0.82;0.37;0.89;0.05;2.13;770
9188;0.59;1.16;0.06;0.33;2.13;771
9189;0.93;0.97;0.02;0.21;2.12;772
9190;0.91;0.05;1.07;0.09;2.12;773
9191;1.47;0.09;0.45;0.11;2.12;774
9192;1.37;0.61;0.05;0.09;2.12;775
9193;0.83;0.33;0.92;0.04;2.12;776
9194;1.61;0.27;0.05;0.18;2.11;777
9195;1.2;0.62;0;0.29;2.11;778
9196;1.68;0.4;0;0.03;2.11;779
9197;0.11;1.34;0.4;0.26;2.11;780
9198;1.68;0.31;0.02;0.09;2.11;781
9199;0.9;0.45;0.63;0.13;2.11;782
9200;1.35;0.56;0;0.2;2.11;783
9201;0.63;0.21;1.13;0.13;2.11;784
9202;1.63;0.33;0;0.15;2.11;785
9203;0.94;0.07;1.05;0.04;2.1;786
9204;1.17;0.72;0;0.22;2.1;787
9205;1.54;0.44;0.04;0.07;2.1;788
9206;1.77;0.13;0.02;0.18;2.1;789
9207;1.41;0.51;0.01;0.17;2.1;790
9208;0.99;0.63;0.29;0.19;2.09;791
9209;0;0;1.96;0.14;2.09;792
9210;1.16;0.65;0.08;0.2;2.09;793
9211;1.26;0.6;0.05;0.18;2.09;794
9212;1.84;0.12;0.01;0.13;2.09;795
9213;1.97;0;0;0.12;2.09;796
9214;0.92;0.94;0;0.22;2.09;797
9215;0.7;0.93;0.14;0.32;2.09;798
9216;0.46;0.42;0.96;0.25;2.09;799
9217;1.77;0.32;0;0;2.08;800
9218;1.11;0.71;0;0.27;2.08;801
9219;0.63;1.02;0.05;0.39;2.08;802
9220;1.36;0.52;0;0.2;2.08;803
9221;0.97;0.33;0.73;0.06;2.08;804
9222;0.59;0.99;0.13;0.36;2.08;805
9223;2.04;0.04;0;0;2.08;806
9224;0.89;1.08;0;0.11;2.08;807
9225;0.79;0.94;0;0.35;2.08;808
9226;1.54;0.46;0;0.08;2.07;809
9227;0.63;0.42;0.75;0.26;2.07;810
9228;1.48;0.39;0;0.19;2.07;811
9229;0.75;0.54;0.54;0.23;2.07;812
9230;1.64;0.36;0;0.07;2.07;813
9231;1.04;0.8;0.01;0.22;2.06;814
9232;0.73;0.97;0.02;0.34;2.06;815
9233;1.2;0.63;0.04;0.19;2.06;816
9234;0.71;0.52;0.74;0.08;2.06;817
9235;1.15;0.77;0.04;0.1;2.06;818
9236;0.68;0.46;0.79;0.13;2.06;819
9237;1.06;0.62;0.13;0.25;2.06;820
9238;0.89;0.57;0.46;0.13;2.06;821
9239;0.73;0.92;0.04;0.37;2.05;822
9240;1.23;0.64;0;0.19;2.05;823
9241;1.43;0.33;0.04;0.25;2.05;824
9242;1.16;0.06;0.83;0;2.05;825
9243;1.47;0.48;0.05;0.06;2.05;826
9244;0.71;0.83;0.15;0.35;2.05;827
9245;1.75;0.25;0;0.05;2.05;828
9246;0.48;1.29;0.02;0.25;2.05;829
9247;1.11;0.27;0.53;0.14;2.04;830
9248;1.45;0.42;0.01;0.16;2.04;831
9249;0.73;1.09;0;0.23;2.04;832
9250;1.74;0.02;0;0.28;2.04;833
9251;0.71;1.02;0;0.31;2.04;834
9252;1.2;0.48;0.29;0.07;2.04;835
9253;0.58;1.06;0.03;0.37;2.04;836
9254;1.53;0.25;0;0.25;2.03;837
9255;1.25;0.61;0.13;0.05;2.03;838
9256;1.47;0.4;0;0.16;2.03;839
9257;1.57;0.18;0;0.27;2.03;840
9258;1.05;0.67;0;0.3;2.02;841
9259;1.81;0.05;0.01;0.15;2.02;842
9260;1.76;0.09;0;0.17;2.02;843
9261;0.82;0.98;0.04;0.18;2.02;844
9262;0.49;1.27;0;0.25;2.01;845
9263;1.2;0.62;0;0.18;2.01;846
9264;0.77;0.85;0.01;0.37;2;847
9265;0.89;0.45;0.53;0.13;2;848
9266;0.35;1.31;0.02;0.33;2;849
9267;0.52;0.16;1.29;0.03;2;850
9268;1.48;0.3;0;0.22;2;851
9269;0.95;0.64;0.27;0.13;1.99;852
9270;0.75;0.3;0.9;0.04;1.99;853
9271;1.21;0.64;0.05;0.09;1.99;854
9272;0.75;1.09;0.02;0.12;1.98;855
9273;0.93;0.27;0.75;0.04;1.98;856
9274;1.25;0.58;0;0.16;1.98;857
9275;1.11;0.63;0.07;0.16;1.98;858
9276;0.72;0.86;0.08;0.32;1.97;859
9277;0.99;0.8;0;0.18;1.97;860
9278;0.74;0.95;0;0.28;1.97;861
9279;1.2;0.59;0;0.19;1.97;862
9280;0.71;0.58;0.51;0.17;1.97;863
9281;1.01;0.64;0.02;0.3;1.97;864
9282;1.84;0.11;0;0.02;1.97;865
9283;1.22;0.57;0.02;0.15;1.96;866
9284;0.5;0.5;0.63;0.33;1.96;867
9285;1.13;0.37;0.41;0.05;1.96;868
9286;0.18;0.23;1.53;0.02;1.96;869
9287;0.79;0.03;1.05;0.08;1.96;870
9288;1.09;0.65;0.02;0.2;1.96;871
9289;1.3;0.49;0;0.16;1.95;872
9290;0.74;1.01;0;0.2;1.95;873
9291;1.26;0.61;0;0.09;1.95;874
9292;1.09;0.77;0;0.09;1.95;875
9293;1.69;0.2;0;0.06;1.95;876
9294;0.95;0.74;0;0.25;1.94;877
9295;0.49;1.26;0.01;0.18;1.94;878
9296;1.94;0;0;0;1.94;879
9297;0.59;1.23;0;0.13;1.94;880
9298;0.96;0.38;0.55;0.05;1.94;881
9299;1.09;0.15;0.65;0.04;1.94;882
9300;1.41;0.42;0.03;0.07;1.94;883
9301;1.42;0.4;0;0.12;1.94;884
9302;1;0.72;0;0.21;1.93;885
9303;1.15;0.61;0;0.17;1.93;886
9304;1.1;0.56;0;0.27;1.93;887
9305;1.48;0.39;0;0.06;1.93;888
9306;0.34;0.26;1.3;0.03;1.93;889
9307;1.06;0.6;0.2;0.07;1.93;890
9308;1.53;0.24;0;0.16;1.93;891
9309;0.56;0.89;0.1;0.37;1.93;892
9310;1.51;0;0.29;0.12;1.93;893
9311;0.86;0.87;0.01;0.17;1.92;894
9312;0.92;0.53;0.41;0.06;1.92;895
9313;0.73;0.97;0.01;0.22;1.92;896
9314;0.87;0.85;0;0.2;1.92;897
9315;0.76;0.96;0;0.2;1.92;898
9316;1.03;0.8;0;0.09;1.92;899
9317;0.94;0.73;0;0.25;1.92;900
9318;0.26;0.16;1.46;0.03;1.92;901
9319;1.06;0.67;0;0.18;1.92;902
9320;0.72;0.16;1.01;0.02;1.91;903
9321;1.14;0.57;0;0.19;1.91;904
9322;1.3;0.44;0;0.17;1.91;905
9323;0.77;0.78;0.04;0.31;1.91;906
9324;1.08;0.66;0;0.17;1.91;907
9325;1.03;0.75;0.03;0.09;1.9;908
9326;0.59;0.92;0.06;0.32;1.9;909
9327;0.73;0.91;0.03;0.22;1.89;910
9328;1.56;0.15;0;0.18;1.89;911
9329;0.21;0.3;1.33;0.04;1.89;912
9330;1.05;0.54;0.03;0.26;1.88;913
9331;1.37;0.44;0;0.08;1.88;914
9332;0.92;0.72;0;0.24;1.88;915
9333;0.25;0.12;1.48;0.03;1.88;916
9334;0.89;0.69;0.09;0.21;1.88;917
9335;1.42;0.36;0.03;0.07;1.88;918
9336;0.47;0.08;0;1.33;1.87;919
9337;0.96;0.53;0.3;0.09;1.87;920
9338;0.22;1.47;0.04;0.14;1.87;921
9339;0.53;0.16;1.07;0.1;1.87;922
9340;0.73;0.62;0.4;0.12;1.87;923
9341;0.87;0.52;0.41;0.06;1.86;924
9342;1.75;0.03;0;0.08;1.86;925
9343;1.12;0.69;0.03;0.02;1.86;926
9344;0.94;0.44;0.39;0.1;1.86;927
9345;1.37;0.41;0.04;0.04;1.86;928
9346;0;1.37;0;0.49;1.86;929
9347;0.64;0.92;0.01;0.29;1.86;930
9348;0.91;0.71;0;0.24;1.86;931
9349;1.34;0.37;0;0.15;1.86;932
9350;0.62;0.42;0.69;0.12;1.86;933
9351;0.85;0.71;0.13;0.16;1.86;934
9352;0.61;0.59;0.55;0.11;1.85;935
9353;1.33;0.49;0;0.03;1.85;936
9354;0.83;0.82;0;0.2;1.85;937
9355;1.26;0.18;0.35;0.06;1.85;938
9356;0.8;0.19;0.83;0.03;1.85;939
9357;1.05;0.49;0.08;0.23;1.85;940
9358;0;1.1;0.42;0.33;1.84;941
9359;0.97;0.34;0.35;0.18;1.84;942
9360;1.53;0.05;0;0.25;1.84;943
9361;0.83;0.06;0.93;0;1.83;944
9362;1.31;0.49;0;0.03;1.83;945
9363;0.84;0.76;0;0.23;1.83;946
9364;1.33;0.4;0.03;0.07;1.83;947
9365;0.46;1.02;0.07;0.28;1.83;948
9366;0.25;0.07;1.49;0.02;1.83;949
9367;1.09;0.54;0.02;0.17;1.83;950
9368;0.92;0.33;0.52;0.05;1.83;951
9369;0.61;0.34;0.79;0.09;1.82;952
9370;1.24;0.43;0.03;0.12;1.82;953
9371;1.73;0.07;0;0.02;1.82;954
9372;1.81;0;0;0;1.82;955
9373;0.91;0.74;0.07;0.09;1.82;956
9374;0.22;0.21;1.35;0.03;1.81;957
9375;0.55;0.84;0.11;0.31;1.81;958
9376;1.05;0.59;0;0.18;1.81;959
9377;1.1;0.51;0.12;0.08;1.81;960
9378;0.78;0.44;0.56;0.04;1.81;961
9379;0.88;0.69;0;0.23;1.81;962
9380;1;0.03;0;0.77;1.8;963
9381;0.93;0.59;0.21;0.07;1.8;964
9382;1.66;0;0.01;0.13;1.8;965
9383;1.41;0.21;0.03;0.16;1.8;966
9384;1;0.68;0;0.12;1.8;967
9385;0.49;0.96;0.07;0.27;1.79;968
9386;1.26;0.39;0.08;0.06;1.79;969
9387;0.52;0.88;0.06;0.34;1.79;970
9388;1.05;0.57;0.03;0.14;1.78;971
9389;1.25;0.29;0;0.24;1.78;972
9390;0.23;0.03;1.49;0.03;1.78;973
9391;1.12;0.58;0;0.08;1.78;974
9392;0.39;1.01;0.02;0.36;1.78;975
9393;0.32;0.95;0.36;0.14;1.78;976
9394;0.45;0.94;0.06;0.33;1.78;977
9395;0.41;0.46;0.72;0.19;1.78;978
9396;0.93;0.57;0.14;0.13;1.77;979
9397;0.85;0.76;0;0.16;1.77;980
9398;1.16;0.45;0;0.16;1.77;981
9399;0.31;0.54;0.84;0.08;1.77;982
9400;1.59;0.03;0;0.15;1.77;983
9401;0.24;0.09;1.33;0.12;1.77;984
9402;0.63;0.06;1.03;0.04;1.77;985
9403;1.19;0.29;0.24;0.06;1.77;986
9404;1.07;0.45;0.01;0.24;1.77;987
9405;0.85;0.31;0.56;0.04;1.76;988
9406;1.27;0.42;0;0.07;1.76;989
9407;1.06;0.54;0;0.16;1.76;990
9408;0.93;0.38;0.4;0.06;1.76;991
9409;1.02;0.47;0.2;0.07;1.76;992
9410;0.53;0.12;1.09;0.02;1.76;993
9411;0.86;0.67;0;0.22;1.76;994
9412;1.23;0.46;0;0.07;1.76;995
9413;0.86;0.67;0;0.22;1.76;996
9414;0.72;0.69;0.04;0.31;1.76;997
9415;0.68;0.9;0.01;0.17;1.76;998
9416;1.26;0.47;0;0.03;1.76;999
9417;1.11;0.48;0;0.16;1.76;1000
;0.52;0.95;0;0.29;1.76;
;0.35;1.07;0.02;0.32;1.76;
;0.61;0.87;0.02;0.26;1.76;
;1.68;0.04;0;0.04;1.75;
;0.9;0.37;0.25;0.24;1.75;
;1.24;0.45;0;0.07;1.75;
;0.06;0.9;0.53;0.27;1.75;
;1;0.54;0.03;0.18;1.75;
;0.7;0.13;0.91;0.01;1.75;
;0.94;0.34;0.21;0.27;1.75;
;0.79;0.14;0.8;0.02;1.75;
;0.83;0.66;0.08;0.18;1.75;
;0.85;0.66;0.01;0.22;1.75;
;1.25;0.46;0;0.03;1.75;
;0.72;0.89;0.04;0.1;1.74;
;0.63;0.49;0.45;0.17;1.74;
;0.83;0.63;0.02;0.25;1.74;
;1.19;0.4;0;0.16;1.74;
;0.69;0.89;0.03;0.14;1.74;
;0.96;0.61;0.01;0.16;1.74;
;1.69;0.04;0;0.01;1.74;
